2026-03-18_22-14-52,---,draft.go:2026-03-18_22-14-52
2026-03-18_22-15-21,---,draft.go:2026-03-18_22-14-52
2026-03-18_22-17-59,---,draft.go:2026-03-18_22-14-52
2026-03-18_22-59-58,0,draft.go:2026-03-18_22-59-58
2026-03-18_23-00-15,100,draft.go:2026-03-18_23-00-15
2026-03-30_23-50-47,---,draft.go:2026-03-30_23-50-47
2026-03-30_23-51-00,0,draft.go:2026-03-30_23-50-47
2026-03-30_23-51-00,0,draft.go:2026-03-30_23-50-47
2026-03-30_23-51-01,0,draft.go:2026-03-30_23-50-47
2026-03-30_23-51-01,0,draft.go:2026-03-30_23-50-47
2026-03-30_23-51-02,0,draft.go:2026-03-30_23-50-47
2026-03-30_23-51-02,0,draft.go:2026-03-30_23-50-47
2026-03-30_23-51-02,0,draft.go:2026-03-30_23-50-47
2026-03-30_23-51-02,0,draft.go:2026-03-30_23-50-47
2026-03-30_23-53-32,100,draft.go:2026-03-30_23-53-32
