2026-03-31_00-05-56,0,shell.go:2026-03-31_00-05-56
2026-03-31_00-07-37,0,shell.go:2026-03-31_00-07-37
2026-03-31_00-07-54,0,shell.go:2026-03-31_00-07-37
2026-03-31_00-12-35,0,shell.go:2026-03-31_00-07-37
2026-03-31_00-17-46,0,shell.go:2026-03-31_00-17-46
2026-03-31_00-18-28,0,shell.go:2026-03-31_00-17-46
2026-03-31_00-22-07,0,shell.go:2026-03-31_00-17-46
2026-03-31_00-22-12,0,shell.go:2026-03-31_00-17-46
2026-03-31_00-23-15,0,shell.go:2026-03-31_00-23-15
2026-03-31_00-23-40,0,shell.go:2026-03-31_00-23-15
2026-03-31_00-23-56,0,shell.go:2026-03-31_00-23-56
2026-03-31_00-27-26,100,shell.go:2026-03-31_00-27-26
