2026-03-16_16-13-05,0,draft.go:2026-03-16_16-13-05
2026-03-16_16-14-07,0,draft.go:2026-03-16_16-14-07
2026-03-16_16-14-41,0,draft.go:2026-03-16_16-14-41
2026-03-16_16-17-31,0,draft.go:2026-03-16_16-17-31
2026-03-16_16-18-29,22,draft.go:2026-03-16_16-18-29
2026-03-16_16-18-44,22,draft.go:2026-03-16_16-18-44
2026-03-16_16-22-13,100,draft.go:2026-03-16_16-22-13
2026-04-03_00-35-03,0,draft.go:2026-04-03_00-35-03
2026-04-03_00-35-27,0,draft.go:2026-04-03_00-35-27
2026-04-03_00-37-19,77,draft.go:2026-04-03_00-37-19
2026-04-03_00-38-18,100,draft.go:2026-04-03_00-38-18
